{
  "headers": [
    "age",
    "sex",
    "cp",
    "trestbps",
    "chol",
    "fbs",
    "restecg",
    "thalach",
    "exang",
    "oldpeak",
    "slope",
    "ca",
    "thal",
    "target"
  ],
  "features": 13,
  "train_size": 820,
  "test_size": 205,
  "accuracy": 0.8,
  "confusion_matrix": [
    [
      79,
      28
    ],
    [
      13,
      85
    ]
  ],
  "classes": [
    0,
    1
  ],
  "class_prior": {
    "0": 0.47804878048780486,
    "1": 0.5219512195121951
  },
  "theta": {
    "0": [
      56.79081632653061,
      0.8239795918367347,
      0.4872448979591837,
      135.1045918367347,
      252.36479591836735,
      0.15816326530612246,
      0.44642857142857145,
      138.27551020408163,
      0.548469387755102,
      1.6403061224489808,
      1.153061224489796,
      1.153061224489796,
      2.5535714285714284
    ],
    "1": [
      52.73598130841121,
      0.5607476635514018,
      1.411214953271028,
      130.08878504672896,
      241.33878504672896,
      0.1308411214953271,
      0.5887850467289719,
      157.85981308411215,
      0.12850467289719625,
      0.5890186915887847,
      1.5724299065420562,
      0.38317757009345793,
      2.121495327102804
    ]
  },
  "sigma": {
    "0": [
      59.46134423257036,
      0.14503722507330277,
      0.8161638389841732,
      369.86916258950396,
      2346.991923938945,
      0.13314764781382757,
      0.2981505112040817,
      509.79144106722333,
      0.24765071945064557,
      1.6957733766767995,
      0.31840899725156174,
      1.063306956435235,
      0.4614158173265314
    ],
    "1": [
      95.33917263616469,
      0.2463097223730457,
      0.8963228239539697,
      257.06221067442266,
      2713.9623274968576,
      0.11372172342117215,
      0.2514630108698577,
      377.24670276979987,
      0.11199122294078084,
      0.5989681969123078,
      0.36157633954485074,
      0.7877543900296096,
      0.21421084910900481
    ]
  },
  "var_smoothing": 1e-09
}